INSERT INTO EMP VALUES(123,'RAJA','TESTING',50000.00,'12-09-2022');
INSERT INTO EMP VALUES(124,'RAGHU','SUPPORT',47899.00,'11-07-2023');
INSERT INTO EMP VALUES(125,'RAMU','SUPPORT',47899.00,'11-07-2023');
INSERT INTO EMP VALUES(126,'RAMA','PYTHON',49899.00,'11-07-2023');
INSERT INTO EMP VALUES(127,'ROCK','PYTHON',49899.00,'11-07-2023');
SELECT * FROM EMP;
--***SELECT STATEMENT FUNDAMENTALS
SELECT CURRENT_TIMESTAMP;
SELECT UPPER(NAME) FROM EMP;
SELECT COUNT(*) FROM EMP;
SELECT ROUND(AVG(SALARY),3) FROM EMP;
SELECT SUM(SALARY) FROM EMP;
CREATE TABLE DEPT1(DEPTNO INT PRIMARY KEY,DEPTNAME VARCHAR(10),LOC VARCHAR(10));
INSERT INTO DEPT1 VALUES(10,'TESTING','BANGLORE');
INSERT INTO DEPT1 VALUES(20,'SUPPORT','HYDERBAD');
INSERT INTO DEPT1 VALUES(30,'IT','PUNE');
INSERT INTO DEPT1 VALUES(40,'ROCK','MUMBAI');
CREATE TABLE EMP1(EMPID INT PRIMARY KEY,ENAME VARCHAR(10),SALARY DECIMAL(10,2),DEPTNO INT,FOREIGN KEY(DEPTNO) REFERENCES DEPT1(DEPTNO));
INSERT INTO EMP1 VALUES(123,'RAJA',50000.00,10);
INSERT INTO EMP1 VALUES(124,'RAGHU',47899.00,20);
INSERT INTO EMP1 VALUES(125,'RAMU',47899.00,30);
INSERT INTO EMP1 VALUES(126,'RAMA',49899.00,10);
INSERT INTO EMP1 VALUES(127,'ROCK',49899.00,20);
--***GROUP BY STATEMENTS AND MATHEMATICAL FUNCTIONS
SELECT DEPTNO,COUNT(*) FROM EMP1 GROUP BY DEPTNO;
SELECT ROUND(AVG(SALARY),2) FROM EMP1;
SELECT MAX(SALARY),MIN(SALARY) FROM EMP1;
--***VIEWS
CREATE VIEW MAXSALARY AS SELECT MAX(SALARY) AS MAXSAL FROM EMP1;
SELECT * FROM MAXSALARY;
--***SUBQUERIES AND INDEPENDENT SUBQUERIES
SELECT ENAME,SALARY,DEPTNO FROM EMP1 WHERE SALARY>(SELECT ROUND(AVG(SALARY),2) FROM EMP1);
SELECT ENAME,SALARY,DEPTNO FROM EMP1 WHERE DEPTNO IN(SELECT DEPTNO FROM DEPT1 WHERE LOC='BANGLORE');
--***HANDS ON PRACTICE
--1.RETRIVE ALL RECORDS FROM A TABLE
SELECT * FROM EMP1;
--2.SELECT SPECIFIC COLUMNS WITH CONDITION
SELECT ENAME,SALRY,DEPTNO FROM EMP1 WHERE DEPTNO=10;
--3.USE WHERE ORDER LIMIT CLAUSE
SELECT TOP 1 * FROM EMP1 WHERE DEPTNO=10 ORDER BY DEPTNO ASC ;
CREATE DATABASE PRCTICE;
USE PRCTICE;
USE COMPANY_DB3;
SELECT * FROM EMP1;
SELECT EMP1.*,DEPT1.DEPTNAME FROM EMP1 INNER JOIN DEPT1 ON EMP1.DEPTNO=DEPT1.DEPTNO;
SELECT DEPTNAME FROM DEPT1 WHERE DEPTNO NOT IN(SELECT DEPTNO FROM EMP1);
SELECT * FROM EMP1 WHERE DEPTNO IN(SELECT DEPTNO FROM EMP1 GROUP BY DEPTNO HAVING COUNT(*)>1);
SELECT DEPTNO,COUNT(*) FROM EMP1 GROUP BY DEPTNO;
SELECT DEPTNAME FROM DEPT1 WHERE DEPTNO IN(SELECT DEPTNO FROM EMP1 GROUP BY DEPTNO HAVING AVG(SALARY)>50000);
CREATE VIEW SUMSALSUMMARY AS SELECT DEPTNO,SUM(SALARY) AS SUMSAL FROM EMP1 GROUP BY DEPTNO;
SELECT * FROM SUMSALSUMMARY;
SELECT DEPTNO,MAX(SALARY) FROM EMP1 GROUP BY DEPTNO;
SELECT D.DEPTNO,E.SALARY FROM EMP1 E INNER JOIN (SELECT DEPTNO,AVG(SALARY) AS AVSALARY FROM EMP1 GROUP BY DEPTNO) AS D ON E.DEPTNO=D.DEPTNO WHERE E.SALARY>D.AVSALARY;